"TABLE_NAME","COLUMN_NAME","CHARACTER_SET_NAME","COLLATION_NAME"
Attendance,riderId,utf8mb4,utf8mb4_general_ci
Attendance,status,utf8mb4,utf8mb4_general_ci
AttendanceUploadLog,error,latin1,latin1_swedish_ci
AttendanceUploadLog,createdBy,latin1,latin1_swedish_ci
BankDetails,riderId,utf8mb4,utf8mb4_general_ci
BankDetails,bankName,utf8mb4,utf8mb4_general_ci
BankDetails,accountNumber,utf8mb4,utf8mb4_general_ci
BankDetails,IBAN,utf8mb4,utf8mb4_general_ci
BankDetails,createdBy,utf8mb4,utf8mb4_general_ci
BankDetails,updatedBy,utf8mb4,utf8mb4_general_ci
Batch,batchNo,latin1,latin1_swedish_ci
BatchVehicleCategory,description,latin1,latin1_swedish_ci
CarEmi,riderId,latin1,latin1_swedish_ci
CarEmi,vehicleId,latin1,latin1_swedish_ci
CarEmi,remarks,latin1,latin1_swedish_ci
CarEmi,createdBy,latin1,latin1_swedish_ci
CarEmi,updatedBy,latin1,latin1_swedish_ci
Client,clientId,utf8mb4,utf8mb4_general_ci
Client,clientCode,utf8mb4,utf8mb4_general_ci
Client,clientName,utf8mb4,utf8mb4_general_ci
Client,clientEmail,utf8mb4,utf8mb4_general_ci
Client,clientContactPhone,utf8mb4,utf8mb4_general_ci
Client,createdBy,utf8mb4,utf8mb4_general_ci
Client,updatedBy,utf8mb4,utf8mb4_general_ci
ClientRiderConfig,riderId,utf8mb4,utf8mb4_general_ci
ClientRiderConfig,createdBy,utf8mb4,utf8mb4_general_ci
ClientRiderConfig,updatedBy,utf8mb4,utf8mb4_general_ci
ClientUserId,riderId,utf8mb4,utf8mb4_general_ci
ClientUserId,createdBy,utf8mb4,utf8mb4_general_ci
ClientUserId,updatedBy,utf8mb4,utf8mb4_general_ci
ClientUserId,clientId,utf8mb4,utf8mb4_general_ci
ClientUserId,tempRiderId,utf8mb4,utf8mb4_general_ci
Company,companyId,utf8mb4,utf8mb4_general_ci
Company,idx,utf8mb4,utf8mb4_general_ci
Company,code,utf8mb4,utf8mb4_general_ci
Company,name,utf8mb4,utf8mb4_general_ci
Company,description,utf8mb4,utf8mb4_general_ci
Company,ownerFirstName,utf8mb4,utf8mb4_general_ci
Company,ownerLastName,utf8mb4,utf8mb4_general_ci
Company,createdBy,utf8mb4,utf8mb4_general_ci
Company,updatedBy,utf8mb4,utf8mb4_general_ci
Company,image,utf8mb4,utf8mb4_general_ci
CompanyDocument,companyId,utf8mb4,utf8mb4_general_ci
CompanyDocument,name,utf8mb4,utf8mb4_general_ci
CompanyDocument,path,utf8mb4,utf8mb4_general_ci
CompanyDocument,source,utf8mb4,utf8mb4_general_ci
CompanyDocument,createdBy,utf8mb4,utf8mb4_general_ci
CompanyDocument,updatedBy,utf8mb4,utf8mb4_general_ci
CompanyPayrollSummary,companyId,utf8mb4,utf8mb4_general_ci
CompanyPayrollSummary,createdBy,latin1,latin1_swedish_ci
CompanyPayrollSummary,status,latin1,latin1_swedish_ci
CompanyPayrollSummary,updatedBy,latin1,latin1_swedish_ci
CompanyPerformance,companyId,utf8mb4,utf8mb4_general_ci
CompanyPerformance,accountManager,utf8mb4,utf8mb4_general_ci
CompanyPerformance,createdBy,utf8mb4,utf8mb4_general_ci
CompanyPerformance,updatedBy,utf8mb4,utf8mb4_general_ci
Document,sourceId,utf8mb4,utf8mb4_general_ci
Document,name,utf8mb4,utf8mb4_general_ci
Document,path,utf8mb4,utf8mb4_general_ci
Document,source,utf8mb4,utf8mb4_general_ci
Document,createdBy,utf8mb4,utf8mb4_general_ci
Document,updatedBy,utf8mb4,utf8mb4_general_ci
DocumentType,code,latin1,latin1_swedish_ci
DocumentType,documentHeaderCode,latin1,latin1_swedish_ci
DocumentType,description,latin1,latin1_swedish_ci
DocumentTypeExpiry,sourceId,latin1,latin1_swedish_ci
DocumentTypeExpiry,source,latin1,latin1_swedish_ci
DocumentTypeExpiry,createdBy,latin1,latin1_swedish_ci
DocumentTypeExpiry,updatedBy,latin1,latin1_swedish_ci
Helpdesk,status,utf8mb4,utf8mb4_general_ci
Helpdesk,riderId,utf8mb4,utf8mb4_general_ci
Helpdesk,comments,utf8mb4,utf8mb4_bin
Helpdesk,createdBy,utf8mb4,utf8mb4_general_ci
Helpdesk,updatedBy,utf8mb4,utf8mb4_general_ci
HrWorkflow,riderId,utf8mb4,utf8mb4_general_ci
HrWorkflow,taskDetails,utf8mb4,utf8mb4_bin
HrWorkflow,remarks,utf8mb4,utf8mb4_general_ci
HrWorkflow,createdBy,utf8mb4,utf8mb4_general_ci
HrWorkflow,updatedBy,utf8mb4,utf8mb4_general_ci
IdSequences,entityType,latin1,latin1_swedish_ci
IdSequences,yearPrefix,latin1,latin1_swedish_ci
LeaveRequest,riderId,utf8mb4,utf8mb4_general_ci
LeaveRequest,leaveType,latin1,latin1_swedish_ci
LeaveRequest,otherReason,latin1,latin1_swedish_ci
LeaveRequest,status,latin1,latin1_swedish_ci
LeaveRequest,createdBy,latin1,latin1_swedish_ci
LeaveRequest,updatedBy,latin1,latin1_swedish_ci
LeaveRequest,rejectReason,latin1,latin1_swedish_ci
LeaveRequestComment,comment,latin1,latin1_swedish_ci
LeaveRequestComment,createdBy,latin1,latin1_swedish_ci
OrderList,riderId,utf8mb4,utf8mb4_general_ci
OrderList,createdBy,utf8mb4,utf8mb4_general_ci
OrderValue,clientId,utf8mb4,utf8mb4_general_ci
OrderValue,createdBy,utf8mb4,utf8mb4_general_ci
OrderValue,updatedBy,utf8mb4,utf8mb4_general_ci
PageModule,name,latin1,latin1_swedish_ci
PageModule,code,latin1,latin1_swedish_ci
Partner,companyId,utf8mb4,utf8mb4_general_ci
Partner,firstName,utf8mb4,utf8mb4_general_ci
Partner,lastName,utf8mb4,utf8mb4_general_ci
Partner,createdBy,utf8mb4,utf8mb4_general_ci
Partner,updatedBy,utf8mb4,utf8mb4_general_ci
PassportRequest,status,utf8mb4,utf8mb4_general_ci
PassportRequest,riderId,utf8mb4,utf8mb4_general_ci
PassportRequest,comments,utf8mb4,utf8mb4_bin
PassportRequest,createdBy,utf8mb4,utf8mb4_general_ci
PassportRequest,updatedBy,utf8mb4,utf8mb4_general_ci
Payroll,riderId,latin1,latin1_swedish_ci
Payroll,riderName,latin1,latin1_swedish_ci
Payroll,clientId,latin1,latin1_swedish_ci
Payroll,clientUserId,latin1,latin1_swedish_ci
Payroll,vehicleId,latin1,latin1_swedish_ci
Payroll,vehicleNumber,latin1,latin1_swedish_ci
Payroll,companyId,latin1,latin1_swedish_ci
Payroll,companyCode,latin1,latin1_swedish_ci
Payroll,companyName,latin1,latin1_swedish_ci
Payroll,createdBy,latin1,latin1_swedish_ci
Payroll,clientName,latin1,latin1_swedish_ci
PayrollEarnings,batchNo,latin1,latin1_swedish_ci
PayrollErrorLog,procedureName,latin1,latin1_swedish_ci
PayrollErrorLog,riderId,latin1,latin1_swedish_ci
PayrollErrorLog,companyId,latin1,latin1_swedish_ci
PayrollErrorLog,errorMessage,latin1,latin1_swedish_ci
PayrollVehicleEMI,vehicleId,latin1,latin1_swedish_ci
Permission,name,latin1,latin1_swedish_ci
Permission,code,latin1,latin1_swedish_ci
Property,propertyCode,utf8mb4,utf8mb4_general_ci
Property,propertyName,utf8mb4,utf8mb4_general_ci
Property,description,utf8mb4,utf8mb4_general_ci
Property,createdBy,utf8mb4,utf8mb4_general_ci
Property,updatedBy,utf8mb4,utf8mb4_general_ci
Rider,riderId,utf8mb4,utf8mb4_general_ci
Rider,riderName,utf8mb4,utf8mb4_general_ci
Rider,nationality,utf8mb4,utf8mb4_general_ci
Rider,civilId,utf8mb4,utf8mb4_general_ci
Rider,passportNumber,utf8mb4,utf8mb4_general_ci
Rider,licenseNumber,utf8mb4,utf8mb4_general_ci
Rider,mobileNumber,utf8mb4,utf8mb4_general_ci
Rider,alternateMobileNumber,utf8mb4,utf8mb4_general_ci
Rider,personalEmail,utf8mb4,utf8mb4_general_ci
Rider,suretyPersonName,utf8mb4,utf8mb4_general_ci
Rider,suretyPersonEmail,utf8mb4,utf8mb4_general_ci
Rider,suretyPersonPhone,utf8mb4,utf8mb4_general_ci
Rider,profession,utf8mb4,utf8mb4_general_ci
Rider,companyId,utf8mb4,utf8mb4_general_ci
Rider,remarks,utf8mb4,utf8mb4_general_ci
Rider,createdBy,utf8mb4,utf8mb4_general_ci
Rider,updatedBy,utf8mb4,utf8mb4_general_ci
Rider,employmentType,utf8mb4,utf8mb4_general_ci
RiderOrder,riderId,utf8mb4,utf8mb4_general_ci
RiderOrder,companyId,utf8mb4,utf8mb4_general_ci
RiderOrder,clientId,utf8mb4,utf8mb4_general_ci
RiderOrder,vehicleType,utf8mb4,utf8mb4_general_ci
RiderOrder,batchNo,utf8mb4,utf8mb4_general_ci
RiderOrder,createdBy,utf8mb4,utf8mb4_general_ci
RiderOrder,updatedBy,utf8mb4,utf8mb4_general_ci
RiderOrderUploadLog,companyId,latin1,latin1_swedish_ci
RiderOrderUploadLog,clientId,latin1,latin1_swedish_ci
RiderOrderUploadLog,error,latin1,latin1_swedish_ci
RiderOrderUploadLog,createdBy,latin1,latin1_swedish_ci
RiderOrderUploadLog,fileName,latin1,latin1_swedish_ci
RiderPerformance,clientId,utf8mb4,utf8mb4_general_ci
RiderPerformance,riderId,utf8mb4,utf8mb4_general_ci
RiderPerformance,accountManager,utf8mb4,utf8mb4_general_ci
RiderPerformance,currentZone,utf8mb4,utf8mb4_general_ci
RiderPerformance,createdBy,utf8mb4,utf8mb4_general_ci
RiderPerformance,updatedBy,utf8mb4,utf8mb4_general_ci
RiderProperty,riderId,utf8mb4,utf8mb4_general_ci
RiderProperty,remarks,utf8mb4,utf8mb4_general_ci
RiderProperty,createdBy,utf8mb4,utf8mb4_general_ci
RiderProperty,updatedBy,utf8mb4,utf8mb4_general_ci
RiderStatus,statusName,utf8mb4,utf8mb4_general_ci
RiderVehicleConfig,riderId,utf8mb4,utf8mb4_general_ci
RiderVehicleConfig,vehicleId,utf8mb4,utf8mb4_general_ci
Role,name,utf8mb4,utf8mb4_general_ci
Role,description,utf8mb4,utf8mb4_general_ci
RolePermission,createdBy,latin1,latin1_swedish_ci
RolePermission,updatedBy,latin1,latin1_swedish_ci
SalesCashDetails,clientId,utf8mb4,utf8mb4_general_ci
SalesCashDetails,riderId,utf8mb4,utf8mb4_general_ci
SalesCashDetails,companyId,utf8mb4,utf8mb4_general_ci
SalesCashDetails,companyCode,utf8mb4,utf8mb4_general_ci
SalesCashDetails,status,utf8mb4,utf8mb4_general_ci
SalesCashEntry,clientId,utf8mb4,utf8mb4_general_ci
SalesCashEntry,companyId,utf8mb4,utf8mb4_general_ci
SalesCashEntry,riderId,utf8mb4,utf8mb4_general_ci
SalesCashEntry,remarks,utf8mb4,utf8mb4_general_ci
SalesCashEntry,createdBy,utf8mb4,utf8mb4_general_ci
SimCard,mobileNumber,utf8mb4,utf8mb4_general_ci
SimCard,assignedTo,utf8mb4,utf8mb4_general_ci
SimCard,createdBy,utf8mb4,utf8mb4_general_ci
SimCard,updatedBy,utf8mb4,utf8mb4_general_ci
SimCard,notes,utf8mb4,utf8mb4_general_ci
Task,taskCode,utf8mb4,utf8mb4_general_ci
Task,taskName,utf8mb4,utf8mb4_general_ci
Task,description,utf8mb4,utf8mb4_general_ci
Task,processType,utf8mb4,utf8mb4_general_ci
Task,jsonTemplate,utf8mb4,utf8mb4_general_ci
TaskStatus,taskStatusCode,utf8mb4,utf8mb4_general_ci
TaskStatus,taskStatusName,utf8mb4,utf8mb4_general_ci
TaskStatus,description,utf8mb4,utf8mb4_general_ci
TicketType,type,utf8mb4,utf8mb4_general_ci
TicketType,code,utf8mb4,utf8mb4_general_ci
TicketType,description,utf8mb4,utf8mb4_general_ci
User,userId,utf8mb4,utf8mb4_general_ci
User,firstName,utf8mb4,utf8mb4_general_ci
User,lastName,utf8mb4,utf8mb4_general_ci
User,email,utf8mb4,utf8mb4_general_ci
User,passwordHash,utf8mb4,utf8mb4_general_ci
User,phone,utf8mb4,utf8mb4_general_ci
User,createdBy,utf8mb4,utf8mb4_general_ci
User,updatedBy,utf8mb4,utf8mb4_general_ci
User,Image,utf8mb4,utf8mb4_general_ci
User,riderId,utf8mb4,utf8mb4_general_ci
UserCompany,userId,utf8mb4,utf8mb4_general_ci
UserCompany,companyId,utf8mb4,utf8mb4_general_ci
UserCompany,createdBy,utf8mb4,utf8mb4_general_ci
Vehicle,vehicleId,utf8mb4,utf8mb4_general_ci
Vehicle,vehicleType,utf8mb4,utf8mb4_general_ci
Vehicle,vehicleNumber,utf8mb4,utf8mb4_general_ci
Vehicle,vehicleBrand,utf8mb4,utf8mb4_general_ci
Vehicle,vehicleModel,utf8mb4,utf8mb4_general_ci
Vehicle,remarks,utf8mb4,utf8mb4_general_ci
Vehicle,ownerType,utf8mb4,utf8mb4_general_ci
Vehicle,registeredOn,utf8mb4,utf8mb4_general_ci
Vehicle,spareKeys,utf8mb4,utf8mb4_general_ci
Vehicle,createdBy,utf8mb4,utf8mb4_general_ci
Vehicle,updatedBy,utf8mb4,utf8mb4_general_ci
Vehicle,companyId,utf8mb4,utf8mb4_general_ci
VehicleImage,path,utf8mb4,utf8mb4_general_ci
VehicleImage,createdBy,utf8mb4,utf8mb4_general_ci
VehicleImage,vehicleId,utf8mb4,utf8mb4_general_ci
