"TABLE_SCHEMA","TABLE_NAME","ORDINAL_POSITION","COLUMN_NAME","DATA_TYPE","COLUMN_TYPE","IS_NULLABLE","COLUMN_DEFAULT","COLUMN_KEY","EXTRA","CHARACTER_MAXIMUM_LENGTH","NUMERIC_PRECISION","NUMERIC_SCALE","COLUMN_COMMENT"
CAG_Admin_PROD,Attendance,1,attendanceId,int,int(11),NO,,PRI,auto_increment,,10,0,""
CAG_Admin_PROD,Attendance,2,riderId,varchar,varchar(20),YES,NULL,MUL,"",20,,,""
CAG_Admin_PROD,Attendance,3,clientUserId,int,int(11),NO,,"","",,10,0,""
CAG_Admin_PROD,Attendance,4,attendanceDate,date,date,NO,,MUL,"",,,,""
CAG_Admin_PROD,Attendance,5,status,enum,"enum('WORKED','NO_SHIFT','NO_SHOW','LATE_LOGIN','SUSPENDED','EMPTY')",YES,NULL,MUL,"",10,,,""
CAG_Admin_PROD,AttendanceUploadLog,1,attendanceUploadLogId,int,int(11),NO,,PRI,auto_increment,,10,0,""
CAG_Admin_PROD,AttendanceUploadLog,2,isProcessed,tinyint,tinyint(1),NO,"0","","",,3,0,""
CAG_Admin_PROD,AttendanceUploadLog,3,attendanceStartDate,date,date,NO,,"","",,,,""
CAG_Admin_PROD,AttendanceUploadLog,4,attendanceEndDate,date,date,NO,,"","",,,,""
CAG_Admin_PROD,AttendanceUploadLog,5,error,text,text,YES,NULL,"","",65535,,,""
CAG_Admin_PROD,AttendanceUploadLog,6,createdAt,datetime,datetime,NO,,"","",,,,""
CAG_Admin_PROD,AttendanceUploadLog,7,createdBy,varchar,varchar(20),NO,,"","",20,,,""
CAG_Admin_PROD,BankDetails,1,bankDetailsId,int,int(11),NO,,PRI,auto_increment,,10,0,""
CAG_Admin_PROD,BankDetails,2,riderId,varchar,varchar(20),YES,NULL,"","",20,,,""
CAG_Admin_PROD,BankDetails,3,bankName,varchar,varchar(200),NO,,"","",200,,,""
CAG_Admin_PROD,BankDetails,4,accountNumber,varchar,varchar(100),YES,NULL,"","",100,,,""
CAG_Admin_PROD,BankDetails,5,IBAN,varchar,varchar(150),YES,NULL,"","",150,,,""
CAG_Admin_PROD,BankDetails,6,createdAt,datetime,datetime,NO,,"","",,,,""
CAG_Admin_PROD,BankDetails,7,createdBy,varchar,varchar(20),NO,,"","",20,,,""
CAG_Admin_PROD,BankDetails,8,updatedAt,datetime,datetime,YES,NULL,"","",,,,""
CAG_Admin_PROD,BankDetails,9,updatedBy,varchar,varchar(20),YES,NULL,"","",20,,,""
CAG_Admin_PROD,Batch,1,batchId,int,int(11),NO,,PRI,auto_increment,,10,0,""
CAG_Admin_PROD,Batch,2,batchNo,varchar,varchar(55),NO,,UNI,"",55,,,""
CAG_Admin_PROD,Batch,3,createdAt,datetime,datetime,NO,,"","",,,,""
CAG_Admin_PROD,Batch,4,updatedAt,datetime,datetime,YES,NULL,"","",,,,""
CAG_Admin_PROD,Batch,5,createdBy,int,int(11),NO,,"","",,10,0,""
CAG_Admin_PROD,Batch,6,updatedBy,int,int(11),YES,NULL,"","",,10,0,""
CAG_Admin_PROD,BatchVehicleCategory,1,batchVehicleCategoryId,int,int(11),NO,,PRI,"",,10,0,""
CAG_Admin_PROD,BatchVehicleCategory,2,description,varchar,varchar(55),NO,,"","",55,,,""
CAG_Admin_PROD,CarEmi,1,carEmiId,int,int(11),NO,,PRI,auto_increment,,10,0,""
CAG_Admin_PROD,CarEmi,2,riderId,varchar,varchar(20),NO,,MUL,"",20,,,""
CAG_Admin_PROD,CarEmi,3,vehicleId,varchar,varchar(20),NO,,"","",20,,,""
CAG_Admin_PROD,CarEmi,4,totalAmount,decimal,"decimal(12,2)",NO,,"","",,12,2,""
CAG_Admin_PROD,CarEmi,5,downPayment,decimal,"decimal(12,2)",NO,,"","",,12,2,""
CAG_Admin_PROD,CarEmi,6,principalAmount,decimal,"decimal(12,2)",NO,,"","",,12,2,""
CAG_Admin_PROD,CarEmi,7,interestRate,decimal,"decimal(5,2)",NO,,"","",,5,2,""
CAG_Admin_PROD,CarEmi,8,tenureMonths,int,int(11),NO,,"","",,10,0,""
CAG_Admin_PROD,CarEmi,9,monthlyEmi,decimal,"decimal(12,2)",NO,,"","",,12,2,""
CAG_Admin_PROD,CarEmi,10,totalInterest,decimal,"decimal(12,2)",NO,,"","",,12,2,""
CAG_Admin_PROD,CarEmi,11,totalPayable,decimal,"decimal(12,2)",NO,,"","",,12,2,""
CAG_Admin_PROD,CarEmi,12,totalPaid,decimal,"decimal(12,2)",NO,"0.00","","",,12,2,""
CAG_Admin_PROD,CarEmi,13,contractStartDate,date,date,NO,,"","",,,,""
CAG_Admin_PROD,CarEmi,14,isActive,tinyint,tinyint(1),NO,"1","","",,3,0,""
CAG_Admin_PROD,CarEmi,15,remarks,text,text,YES,NULL,"","",65535,,,""
CAG_Admin_PROD,CarEmi,16,createdAt,datetime,datetime,NO,,"","",,,,""
CAG_Admin_PROD,CarEmi,17,createdBy,varchar,varchar(20),NO,,"","",20,,,""
CAG_Admin_PROD,CarEmi,18,updatedAt,datetime,datetime,YES,NULL,"","",,,,""
CAG_Admin_PROD,CarEmi,19,updatedBy,varchar,varchar(20),YES,NULL,"","",20,,,""
CAG_Admin_PROD,CarEmi,20,skipCount,int,int(11),YES,NULL,"","",,10,0,""
CAG_Admin_PROD,CarEmi,21,isEmiSkipped,tinyint,tinyint(4),YES,"0","","",,3,0,""
CAG_Admin_PROD,Client,1,clientId,varchar,varchar(20),NO,,PRI,"",20,,,""
CAG_Admin_PROD,Client,2,clientCode,varchar,varchar(100),NO,,UNI,"",100,,,""
CAG_Admin_PROD,Client,3,clientName,varchar,varchar(255),NO,,"","",255,,,""
CAG_Admin_PROD,Client,4,clientEmail,varchar,varchar(200),YES,NULL,"","",200,,,""
CAG_Admin_PROD,Client,5,clientContactPhone,varchar,varchar(50),YES,NULL,"","",50,,,""
CAG_Admin_PROD,Client,6,isActive,tinyint,tinyint(1),NO,"1","","",,3,0,""
CAG_Admin_PROD,Client,7,createdAt,datetime,datetime,NO,,"","",,,,""
CAG_Admin_PROD,Client,8,createdBy,varchar,varchar(20),NO,,"","",20,,,""
CAG_Admin_PROD,Client,9,updatedAt,datetime,datetime,YES,NULL,"","",,,,""
CAG_Admin_PROD,Client,10,updatedBy,varchar,varchar(20),YES,NULL,"","",20,,,""
CAG_Admin_PROD,ClientRiderConfig,1,clientRiderConfigId,int,int(11),NO,,PRI,auto_increment,,10,0,""
CAG_Admin_PROD,ClientRiderConfig,2,clientUserId,int,int(11),NO,,"","",,10,0,""
CAG_Admin_PROD,ClientRiderConfig,3,riderId,varchar,varchar(20),YES,NULL,MUL,"",20,,,""
CAG_Admin_PROD,ClientRiderConfig,4,startDate,datetime,datetime,NO,,"","",,,,""
CAG_Admin_PROD,ClientRiderConfig,5,endDate,datetime,datetime,YES,NULL,"","",,,,""
CAG_Admin_PROD,ClientRiderConfig,6,isActive,tinyint,tinyint(1),NO,"1","","",,3,0,""
CAG_Admin_PROD,ClientRiderConfig,7,createdAt,datetime,datetime,NO,,"","",,,,""
CAG_Admin_PROD,ClientRiderConfig,8,createdBy,varchar,varchar(20),NO,,"","",20,,,""
CAG_Admin_PROD,ClientRiderConfig,9,updatedAt,datetime,datetime,YES,NULL,"","",,,,""
CAG_Admin_PROD,ClientRiderConfig,10,updatedBy,varchar,varchar(20),YES,NULL,"","",20,,,""
CAG_Admin_PROD,ClientUserId,1,id,int,int(11),NO,,PRI,auto_increment,,10,0,""
CAG_Admin_PROD,ClientUserId,2,clientUserId,int,int(11),NO,,UNI,"",,10,0,""
CAG_Admin_PROD,ClientUserId,3,riderId,varchar,varchar(20),YES,NULL,"","",20,,,""
CAG_Admin_PROD,ClientUserId,4,createdAt,datetime,datetime,NO,,"","",,,,""
CAG_Admin_PROD,ClientUserId,5,updatedAt,datetime,datetime,NO,,"","",,,,""
CAG_Admin_PROD,ClientUserId,6,createdBy,varchar,varchar(20),NO,,MUL,"",20,,,""
CAG_Admin_PROD,ClientUserId,7,updatedBy,varchar,varchar(20),YES,NULL,MUL,"",20,,,""
CAG_Admin_PROD,ClientUserId,8,isActive,tinyint,tinyint(1),NO,"1","","",,3,0,""
CAG_Admin_PROD,ClientUserId,9,clientId,varchar,varchar(20),YES,NULL,MUL,"",20,,,""
CAG_Admin_PROD,ClientUserId,10,isAssigned,tinyint,tinyint(1),NO,"0","","",,3,0,""
CAG_Admin_PROD,ClientUserId,11,tempRiderId,varchar,varchar(20),YES,NULL,MUL,"",20,,,""
CAG_Admin_PROD,ClientUserId,12,contractExpiry,date,date,NO,,"","",,,,""
CAG_Admin_PROD,Company,1,companyId,varchar,varchar(20),NO,,PRI,"",20,,,""
CAG_Admin_PROD,Company,2,idx,varchar,varchar(20),YES,NULL,UNI,"",20,,,""
CAG_Admin_PROD,Company,3,code,varchar,varchar(120),YES,NULL,UNI,"",120,,,""
CAG_Admin_PROD,Company,4,name,varchar,varchar(255),NO,,"","",255,,,""
CAG_Admin_PROD,Company,5,description,varchar,varchar(255),YES,NULL,"","",255,,,""
CAG_Admin_PROD,Company,6,ownerFirstName,varchar,varchar(100),YES,NULL,"","",100,,,""
CAG_Admin_PROD,Company,7,ownerLastName,varchar,varchar(100),YES,NULL,"","",100,,,""
CAG_Admin_PROD,Company,8,ownerPercentage,int,int(11),NO,,"","",,10,0,""
CAG_Admin_PROD,Company,9,isActive,tinyint,tinyint(1),YES,NULL,"","",,3,0,""
CAG_Admin_PROD,Company,10,createdBy,varchar,varchar(20),NO,,"","",20,,,""
CAG_Admin_PROD,Company,11,updatedBy,varchar,varchar(20),YES,NULL,"","",20,,,""
CAG_Admin_PROD,Company,12,createdAt,datetime,datetime,NO,,"","",,,,""
CAG_Admin_PROD,Company,13,updatedAt,datetime,datetime,YES,NULL,"","",,,,""
CAG_Admin_PROD,Company,14,image,varchar,varchar(255),YES,NULL,"","",255,,,""
CAG_Admin_PROD,CompanyDocument,1,documentId,int,int(11),NO,,PRI,auto_increment,,10,0,""
CAG_Admin_PROD,CompanyDocument,2,companyId,varchar,varchar(20),YES,NULL,MUL,"",20,,,""
CAG_Admin_PROD,CompanyDocument,3,documentTypeId,int,int(11),NO,,"","",,10,0,""
CAG_Admin_PROD,CompanyDocument,4,name,varchar,varchar(255),NO,,"","",255,,,""
CAG_Admin_PROD,CompanyDocument,5,size,double,double,YES,NULL,"","",,22,,""
CAG_Admin_PROD,CompanyDocument,6,path,varchar,varchar(255),NO,,"","",255,,,""
CAG_Admin_PROD,CompanyDocument,7,source,varchar,varchar(50),YES,NULL,"","",50,,,""
CAG_Admin_PROD,CompanyDocument,8,createdAt,datetime,datetime,NO,,"","",,,,""
CAG_Admin_PROD,CompanyDocument,9,createdBy,varchar,varchar(20),NO,,"","",20,,,""
CAG_Admin_PROD,CompanyDocument,10,updatedAt,datetime,datetime,NO,,"","",,,,""
CAG_Admin_PROD,CompanyDocument,11,updatedBy,varchar,varchar(20),YES,NULL,"","",20,,,""
CAG_Admin_PROD,CompanyDocument,12,expiryDt,datetime,datetime,YES,NULL,"","",,,,""
CAG_Admin_PROD,CompanyDocument,13,Image,longblob,longblob,YES,NULL,"","",4294967295,,,""
CAG_Admin_PROD,CompanyPayrollSummary,1,companyPayrollSummaryId,int,int(11),NO,,PRI,auto_increment,,10,0,""
CAG_Admin_PROD,CompanyPayrollSummary,2,companyId,varchar,varchar(20),NO,,MUL,"",20,,,""
CAG_Admin_PROD,CompanyPayrollSummary,3,payMonth,date,date,NO,,"","",,,,""
CAG_Admin_PROD,CompanyPayrollSummary,4,totalPayableAmount,decimal,"decimal(12,2)",YES,"0.00","","",,12,2,""
CAG_Admin_PROD,CompanyPayrollSummary,5,createdBy,varchar,varchar(20),YES,NULL,"","",20,,,""
CAG_Admin_PROD,CompanyPayrollSummary,6,createdAt,datetime,datetime,NO,,"","",,,,""
CAG_Admin_PROD,CompanyPayrollSummary,7,ridersProcessed,int,int(11),YES,"0","","",,10,0,""
CAG_Admin_PROD,CompanyPayrollSummary,8,ridersSkipped,int,int(11),YES,"0","","",,10,0,""
CAG_Admin_PROD,CompanyPayrollSummary,9,status,enum,"enum('PROCESSING','COMPLETED','PARTIALLY_DONE')",NO,'PROCESSING',"","",14,,,""
CAG_Admin_PROD,CompanyPayrollSummary,10,updatedAt,date,date,YES,NULL,"","",,,,""
CAG_Admin_PROD,CompanyPayrollSummary,11,updatedBy,varchar,varchar(20),YES,NULL,"","",20,,,""
CAG_Admin_PROD,CompanyPerformance,1,companyPerformanceId,int,int(11),NO,,PRI,auto_increment,,10,0,""
CAG_Admin_PROD,CompanyPerformance,2,companyId,varchar,varchar(20),NO,,MUL,"",20,,,""
CAG_Admin_PROD,CompanyPerformance,3,accountManager,varchar,varchar(100),YES,NULL,"","",100,,,""
CAG_Admin_PROD,CompanyPerformance,4,performanceMonth,date,date,NO,,"","",,,,""
CAG_Admin_PROD,CompanyPerformance,5,completedPickups,int,int(11),NO,"0","","",,10,0,""
CAG_Admin_PROD,CompanyPerformance,6,pickupPay,decimal,"decimal(10,2)",NO,"0.00","","",,10,2,""
CAG_Admin_PROD,CompanyPerformance,7,completedDropoffs,int,int(11),NO,"0","","",,10,0,""
CAG_Admin_PROD,CompanyPerformance,8,dropoffPay,decimal,"decimal(10,2)",NO,"0.00","","",,10,2,""
CAG_Admin_PROD,CompanyPerformance,9,serviceLevelAchievementPay,decimal,"decimal(10,2)",NO,"0.00","","",,10,2,""
CAG_Admin_PROD,CompanyPerformance,10,operatorAppDeduction,decimal,"decimal(10,2)",NO,"0.00","","",,10,2,""
CAG_Admin_PROD,CompanyPerformance,11,totalPayment,decimal,"decimal(10,2)",NO,"0.00","","",,10,2,""
CAG_Admin_PROD,CompanyPerformance,12,contractFee,decimal,"decimal(10,2)",NO,"0.00","","",,10,2,""
CAG_Admin_PROD,CompanyPerformance,13,eidQuestPay,decimal,"decimal(10,2)",NO,"0.00","","",,10,2,""
CAG_Admin_PROD,CompanyPerformance,14,finalPayment,decimal,"decimal(10,2)",NO,"0.00","","",,10,2,""
CAG_Admin_PROD,CompanyPerformance,15,expenses,decimal,"decimal(10,2)",YES,NULL,"","",,10,2,""
CAG_Admin_PROD,CompanyPerformance,16,createdAt,datetime,datetime,NO,,"","",,,,""
CAG_Admin_PROD,CompanyPerformance,17,createdBy,varchar,varchar(20),YES,NULL,"","",20,,,""
CAG_Admin_PROD,CompanyPerformance,18,updatedAt,datetime,datetime,YES,NULL,"","",,,,""
CAG_Admin_PROD,CompanyPerformance,19,updatedBy,varchar,varchar(20),YES,NULL,"","",20,,,""
CAG_Admin_PROD,Document,1,documentId,int,int(11),NO,,PRI,auto_increment,,10,0,""
CAG_Admin_PROD,Document,2,sourceId,varchar,varchar(20),NO,,MUL,"",20,,,""
CAG_Admin_PROD,Document,3,documentTypeId,int,int(11),NO,,"","",,10,0,""
CAG_Admin_PROD,Document,4,name,varchar,varchar(255),NO,,"","",255,,,""
CAG_Admin_PROD,Document,5,size,double,double,YES,NULL,"","",,22,,""
CAG_Admin_PROD,Document,6,path,varchar,varchar(255),NO,,"","",255,,,""
CAG_Admin_PROD,Document,7,source,varchar,varchar(50),YES,NULL,"","",50,,,""
CAG_Admin_PROD,Document,8,createdAt,datetime,datetime,NO,,"","",,,,""
CAG_Admin_PROD,Document,9,createdBy,varchar,varchar(20),NO,,"","",20,,,""
CAG_Admin_PROD,Document,10,updatedAt,datetime,datetime,NO,,"","",,,,""
CAG_Admin_PROD,Document,11,updatedBy,varchar,varchar(20),YES,NULL,"","",20,,,""
CAG_Admin_PROD,Document,12,Image,longblob,longblob,YES,NULL,"","",4294967295,,,""
CAG_Admin_PROD,DocumentType,1,documentTypeId,int,int(11),YES,NULL,"","",,10,0,""
CAG_Admin_PROD,DocumentType,2,code,varchar,varchar(120),YES,NULL,"","",120,,,""
CAG_Admin_PROD,DocumentType,3,documentHeaderCode,varchar,varchar(120),YES,NULL,"","",120,,,""
CAG_Admin_PROD,DocumentType,4,description,varchar,varchar(255),YES,NULL,"","",255,,,""
CAG_Admin_PROD,DocumentType,5,createdAt,datetime,datetime,YES,NULL,"","",,,,""
CAG_Admin_PROD,DocumentType,6,isMandatory,tinyint,tinyint(1),YES,NULL,"","",,3,0,""
CAG_Admin_PROD,DocumentTypeExpiry,1,documentTypeExpiryId,int,int(11),NO,,PRI,auto_increment,,10,0,""
CAG_Admin_PROD,DocumentTypeExpiry,2,sourceId,varchar,varchar(20),YES,NULL,"","",20,,,""
CAG_Admin_PROD,DocumentTypeExpiry,3,source,varchar,varchar(50),YES,NULL,"","",50,,,""
CAG_Admin_PROD,DocumentTypeExpiry,4,documentTypeId,int,int(11),YES,NULL,"","",,10,0,""
CAG_Admin_PROD,DocumentTypeExpiry,5,expiryDate,date,date,NO,,"","",,,,""
CAG_Admin_PROD,DocumentTypeExpiry,6,createdAt,datetime,datetime,NO,,"","",,,,""
CAG_Admin_PROD,DocumentTypeExpiry,7,updatedAt,datetime,datetime,YES,NULL,"","",,,,""
CAG_Admin_PROD,DocumentTypeExpiry,8,createdBy,varchar,varchar(20),YES,NULL,"","",20,,,""
CAG_Admin_PROD,DocumentTypeExpiry,9,updatedBy,varchar,varchar(20),YES,NULL,"","",20,,,""
CAG_Admin_PROD,Helpdesk,1,ticketId,int,int(11),NO,,PRI,auto_increment,,10,0,""
CAG_Admin_PROD,Helpdesk,2,type,int,int(11),NO,,MUL,"",,10,0,""
CAG_Admin_PROD,Helpdesk,3,status,enum,"enum('OPEN','CLOSED')",NO,,"","",6,,,""
CAG_Admin_PROD,Helpdesk,4,riderId,varchar,varchar(40),NO,,"","",40,,,""
CAG_Admin_PROD,Helpdesk,5,createdDate,datetime,datetime,NO,,"","",,,,""
CAG_Admin_PROD,Helpdesk,6,closedDate,datetime,datetime,YES,NULL,"","",,,,""
CAG_Admin_PROD,Helpdesk,7,comments,longtext,longtext,YES,NULL,"","",4294967295,,,""
CAG_Admin_PROD,Helpdesk,8,createdBy,varchar,varchar(40),NO,,"","",40,,,""
CAG_Admin_PROD,Helpdesk,9,createdAt,datetime,datetime,NO,,"","",,,,""
CAG_Admin_PROD,Helpdesk,10,updatedBy,varchar,varchar(40),YES,NULL,"","",40,,,""
CAG_Admin_PROD,Helpdesk,11,updatedAt,datetime,datetime,NO,,"","",,,,""
CAG_Admin_PROD,HrWorkflow,1,hrWorkflowId,int,int(11),NO,,PRI,auto_increment,,10,0,""
CAG_Admin_PROD,HrWorkflow,2,riderId,varchar,varchar(20),YES,NULL,MUL,"",20,,,""
CAG_Admin_PROD,HrWorkflow,3,taskId,int,int(11),NO,,MUL,"",,10,0,""
CAG_Admin_PROD,HrWorkflow,4,taskStatusId,int,int(11),NO,,MUL,"",,10,0,""
CAG_Admin_PROD,HrWorkflow,5,taskDetails,longtext,longtext,YES,NULL,"","",4294967295,,,""
CAG_Admin_PROD,HrWorkflow,6,taskOrder,int,int(11),NO,,"","",,10,0,""
CAG_Admin_PROD,HrWorkflow,7,remarks,text,text,YES,NULL,"","",65535,,,""
CAG_Admin_PROD,HrWorkflow,8,startDate,datetime,datetime,YES,NULL,"","",,,,""
CAG_Admin_PROD,HrWorkflow,9,endDate,datetime,datetime,YES,NULL,"","",,,,""
CAG_Admin_PROD,HrWorkflow,10,dueDate,datetime,datetime,YES,NULL,"","",,,,""
CAG_Admin_PROD,HrWorkflow,11,isActive,tinyint,tinyint(1),NO,"1","","",,3,0,""
CAG_Admin_PROD,HrWorkflow,12,createdAt,datetime,datetime,NO,,"","",,,,""
CAG_Admin_PROD,HrWorkflow,13,createdBy,varchar,varchar(20),NO,,"","",20,,,""
CAG_Admin_PROD,HrWorkflow,14,updatedAt,datetime,datetime,YES,NULL,"","",,,,""
CAG_Admin_PROD,HrWorkflow,15,updatedBy,varchar,varchar(20),YES,NULL,"","",20,,,""
CAG_Admin_PROD,IdSequences,1,id,int,int(11),NO,,PRI,auto_increment,,10,0,""
CAG_Admin_PROD,IdSequences,2,entityType,varchar,varchar(50),NO,,MUL,"",50,,,""
CAG_Admin_PROD,IdSequences,3,yearPrefix,varchar,varchar(4),NO,,"","",4,,,""
CAG_Admin_PROD,IdSequences,4,lastNumber,int,int(11),NO,"0","","",,10,0,""
CAG_Admin_PROD,LeaveRequest,1,leaveRequestId,int,int(11),NO,,PRI,auto_increment,,10,0,""
CAG_Admin_PROD,LeaveRequest,2,riderId,varchar,varchar(20),NO,,MUL,"",20,,,""
CAG_Admin_PROD,LeaveRequest,3,leaveType,enum,"enum('AnnualVacation','EmergencyVacation','SickLeave','VehicleIssue','Others')",NO,,"","",17,,,""
CAG_Admin_PROD,LeaveRequest,4,otherReason,varchar,varchar(105),YES,NULL,"","",105,,,""
CAG_Admin_PROD,LeaveRequest,5,startDate,date,date,NO,,"","",,,,""
CAG_Admin_PROD,LeaveRequest,6,endDate,date,date,NO,,"","",,,,""
CAG_Admin_PROD,LeaveRequest,7,totalDays,int,int(11),YES,NULL,"",STORED GENERATED,,10,0,""
CAG_Admin_PROD,LeaveRequest,8,status,enum,"enum('PendingReview','SupervisorApproved','Approved','OnHold','Rejected','Cancelled')",YES,'PendingReview',"","",18,,,""
CAG_Admin_PROD,LeaveRequest,9,createdAt,datetime,datetime,NO,,"","",,,,""
CAG_Admin_PROD,LeaveRequest,10,createdBy,varchar,varchar(20),YES,NULL,"","",20,,,""
CAG_Admin_PROD,LeaveRequest,11,updatedAt,datetime,datetime,YES,NULL,"","",,,,""
CAG_Admin_PROD,LeaveRequest,12,updatedBy,varchar,varchar(20),YES,NULL,"","",20,,,""
CAG_Admin_PROD,LeaveRequest,13,rejectReason,text,text,YES,NULL,"","",65535,,,""
CAG_Admin_PROD,LeaveRequestComment,1,leaveRequestCommentId,int,int(11),NO,,PRI,auto_increment,,10,0,""
CAG_Admin_PROD,LeaveRequestComment,2,leaveRequestId,int,int(11),NO,,MUL,"",,10,0,""
CAG_Admin_PROD,LeaveRequestComment,3,comment,text,text,YES,NULL,"","",65535,,,""
CAG_Admin_PROD,LeaveRequestComment,4,roleId,int,int(11),NO,,"","",,10,0,""
CAG_Admin_PROD,LeaveRequestComment,5,createdAt,datetime,datetime,NO,,"","",,,,""
CAG_Admin_PROD,LeaveRequestComment,6,createdBy,varchar,varchar(20),YES,NULL,"","",20,,,""
CAG_Admin_PROD,OrderList,1,orderListId,bigint,bigint(20),NO,,PRI,auto_increment,,19,0,""
CAG_Admin_PROD,OrderList,2,riderId,varchar,varchar(20),NO,,MUL,"",20,,,""
CAG_Admin_PROD,OrderList,3,orderDate,date,date,NO,,"","",,,,""
CAG_Admin_PROD,OrderList,4,orderCount,int,int(11),NO,,"","",,10,0,""
CAG_Admin_PROD,OrderList,5,createdAt,datetime,datetime,NO,current_timestamp(),"","",,,,""
CAG_Admin_PROD,OrderList,6,createdBy,varchar,varchar(20),NO,,"","",20,,,""
CAG_Admin_PROD,OrderValue,1,orderValueId,int,int(11),NO,,PRI,auto_increment,,10,0,""
CAG_Admin_PROD,OrderValue,2,SingleOrderValue,decimal,"decimal(38,20)",YES,NULL,"","",,38,20,""
CAG_Admin_PROD,OrderValue,3,DoubleOrderValue,decimal,"decimal(38,20)",YES,NULL,"","",,38,20,""
CAG_Admin_PROD,OrderValue,4,clientId,varchar,varchar(20),YES,NULL,MUL,"",20,,,""
CAG_Admin_PROD,OrderValue,5,batchId,int,int(11),YES,NULL,MUL,"",,10,0,""
CAG_Admin_PROD,OrderValue,6,batchVehicleCategoryId,int,int(11),YES,NULL,"","",,10,0,""
CAG_Admin_PROD,OrderValue,7,createdAt,datetime,datetime,NO,,"","",,,,""
CAG_Admin_PROD,OrderValue,8,updatedAt,datetime,datetime,YES,NULL,"","",,,,""
CAG_Admin_PROD,OrderValue,9,createdBy,varchar,varchar(20),NO,,"","",20,,,""
CAG_Admin_PROD,OrderValue,10,updatedBy,varchar,varchar(20),YES,NULL,"","",20,,,""
CAG_Admin_PROD,PageModule,1,pageModuleId,int,int(11),YES,NULL,"","",,10,0,""
CAG_Admin_PROD,PageModule,2,name,varchar,varchar(150),YES,NULL,"","",150,,,""
CAG_Admin_PROD,PageModule,3,code,varchar,varchar(255),YES,NULL,"","",255,,,""
CAG_Admin_PROD,PageModule,4,parentModuleId,int,int(11),YES,NULL,"","",,10,0,""
CAG_Admin_PROD,PageModule,5,createdAt,datetime,datetime,NO,,"","",,,,""
CAG_Admin_PROD,PageModule,6,updatedAt,datetime,datetime,YES,NULL,"","",,,,""
CAG_Admin_PROD,Partner,1,partnerId,int,int(11),NO,,PRI,auto_increment,,10,0,""
CAG_Admin_PROD,Partner,2,companyId,varchar,varchar(20),YES,NULL,MUL,"",20,,,""
CAG_Admin_PROD,Partner,3,firstName,varchar,varchar(255),NO,,"","",255,,,""
CAG_Admin_PROD,Partner,4,lastName,varchar,varchar(255),YES,NULL,"","",255,,,""
CAG_Admin_PROD,Partner,5,createdBy,varchar,varchar(20),NO,,"","",20,,,""
CAG_Admin_PROD,Partner,6,updatedBy,varchar,varchar(20),YES,NULL,"","",20,,,""
CAG_Admin_PROD,Partner,7,percentage,int,int(11),NO,"0","","",,10,0,""
CAG_Admin_PROD,Partner,8,createdAt,datetime,datetime,NO,,"","",,,,""
CAG_Admin_PROD,Partner,9,updatedAt,datetime,datetime,YES,NULL,"","",,,,""
CAG_Admin_PROD,PassportRequest,1,ticketId,int,int(11),NO,,PRI,auto_increment,,10,0,""
CAG_Admin_PROD,PassportRequest,2,type,int,int(11),NO,,MUL,"",,10,0,""
CAG_Admin_PROD,PassportRequest,3,status,enum,"enum('Passport Requested','Approved','Rejected','Passport Collected By Rider','Passport Received','Closed')",NO,,"","",27,,,""
CAG_Admin_PROD,PassportRequest,4,riderId,varchar,varchar(40),NO,,"","",40,,,""
CAG_Admin_PROD,PassportRequest,5,createdDate,datetime,datetime,NO,,"","",,,,""
CAG_Admin_PROD,PassportRequest,6,closedDate,datetime,datetime,YES,NULL,"","",,,,""
CAG_Admin_PROD,PassportRequest,7,comments,longtext,longtext,YES,NULL,"","",4294967295,,,""
CAG_Admin_PROD,PassportRequest,8,createdBy,varchar,varchar(40),NO,,"","",40,,,""
CAG_Admin_PROD,PassportRequest,9,createdAt,datetime,datetime,NO,,"","",,,,""
CAG_Admin_PROD,PassportRequest,10,updatedBy,varchar,varchar(40),YES,NULL,"","",40,,,""
CAG_Admin_PROD,PassportRequest,11,updatedAt,datetime,datetime,NO,,"","",,,,""
CAG_Admin_PROD,Payroll,1,payrollId,int,int(11),NO,,PRI,auto_increment,,10,0,""
CAG_Admin_PROD,Payroll,2,payMonth,date,date,NO,,MUL,"",,,,""
CAG_Admin_PROD,Payroll,3,riderId,varchar,varchar(20),NO,,"","",20,,,""
CAG_Admin_PROD,Payroll,4,riderName,varchar,varchar(502),NO,,"","",502,,,""
CAG_Admin_PROD,Payroll,5,isFullTime,tinyint,tinyint(4),NO,,"","",,3,0,""
CAG_Admin_PROD,Payroll,6,clientId,varchar,varchar(20),NO,,"","",20,,,""
CAG_Admin_PROD,Payroll,7,clientUserId,varchar,varchar(20),NO,,"","",20,,,""
CAG_Admin_PROD,Payroll,8,vehicleId,varchar,varchar(20),NO,,"","",20,,,""
CAG_Admin_PROD,Payroll,9,vehicleNumber,varchar,varchar(20),NO,,"","",20,,,""
CAG_Admin_PROD,Payroll,10,companyId,varchar,varchar(20),NO,,"","",20,,,""
CAG_Admin_PROD,Payroll,11,companyCode,varchar,varchar(20),NO,,"","",20,,,""
CAG_Admin_PROD,Payroll,12,companyName,varchar,varchar(502),NO,,"","",502,,,""
CAG_Admin_PROD,Payroll,13,grossEarnings,decimal,"decimal(10,2)",YES,"0.00","","",,10,2,""
CAG_Admin_PROD,Payroll,14,totalExpenses,decimal,"decimal(10,2)",YES,"0.00","","",,10,2,""
CAG_Admin_PROD,Payroll,15,netPay,decimal,"decimal(10,2)",YES,NULL,"",STORED GENERATED,,10,2,""
CAG_Admin_PROD,Payroll,16,createdAt,datetime,datetime,NO,,"","",,,,""
CAG_Admin_PROD,Payroll,17,createdBy,varchar,varchar(20),YES,NULL,"","",20,,,""
CAG_Admin_PROD,Payroll,18,clientName,varchar,varchar(502),NO,,"","",502,,,""
CAG_Admin_PROD,Payroll,19,iznamalSalary,double,"double(10,2)",YES,NULL,"","",,10,2,""
CAG_Admin_PROD,PayrollEarnings,1,payrollEarningId,int,int(11),NO,,PRI,auto_increment,,10,0,""
CAG_Admin_PROD,PayrollEarnings,2,payrollId,int,int(11),NO,,MUL,"",,10,0,""
CAG_Admin_PROD,PayrollEarnings,3,singleOrderCount,int,int(11),NO,"0","","",,10,0,""
CAG_Admin_PROD,PayrollEarnings,4,doubleOrderCount,int,int(11),NO,"0","","",,10,0,""
CAG_Admin_PROD,PayrollEarnings,5,singleOrderRate,decimal,"decimal(10,2)",YES,"0.00","","",,10,2,""
CAG_Admin_PROD,PayrollEarnings,6,doubleOrderRate,decimal,"decimal(10,2)",YES,"0.00","","",,10,2,""
CAG_Admin_PROD,PayrollEarnings,7,batchNo,varchar,varchar(20),NO,,"","",20,,,""
CAG_Admin_PROD,PayrollErrorLog,1,id,bigint,bigint(20),NO,,PRI,auto_increment,,19,0,""
CAG_Admin_PROD,PayrollErrorLog,2,procedureName,varchar,varchar(100),NO,,"","",100,,,""
CAG_Admin_PROD,PayrollErrorLog,3,riderId,varchar,varchar(20),YES,NULL,"","",20,,,""
CAG_Admin_PROD,PayrollErrorLog,4,companyId,varchar,varchar(20),YES,NULL,"","",20,,,""
CAG_Admin_PROD,PayrollErrorLog,5,payMonth,date,date,YES,NULL,"","",,,,""
CAG_Admin_PROD,PayrollErrorLog,6,errorMessage,text,text,NO,,"","",65535,,,""
CAG_Admin_PROD,PayrollErrorLog,7,errorCode,int,int(11),YES,NULL,"","",,10,0,""
CAG_Admin_PROD,PayrollErrorLog,8,createdAt,datetime,datetime,NO,current_timestamp(),"","",,,,""
CAG_Admin_PROD,PayrollExpenses,1,payrollExpenseId,int,int(11),NO,,PRI,auto_increment,,10,0,""
CAG_Admin_PROD,PayrollExpenses,2,payrollId,int,int(11),NO,,MUL,"",,10,0,""
CAG_Admin_PROD,PayrollExpenses,3,trafficFines,decimal,"decimal(10,2)",YES,"0.00","","",,10,2,""
CAG_Admin_PROD,PayrollExpenses,4,adminFees,decimal,"decimal(10,2)",YES,"0.00","","",,10,2,""
CAG_Admin_PROD,PayrollExpenses,5,processingFees,decimal,"decimal(10,2)",YES,"0.00","","",,10,2,""
CAG_Admin_PROD,PayrollExpenses,6,garageBills,decimal,"decimal(10,2)",YES,"0.00","","",,10,2,""
CAG_Admin_PROD,PayrollExpenses,7,maroorFines,decimal,"decimal(10,2)",YES,"0.00","","",,10,2,""
CAG_Admin_PROD,PayrollExpenses,8,previousBalances,decimal,"decimal(10,2)",YES,"0.00","","",,10,2,""
CAG_Admin_PROD,PayrollExpenses,9,dgDeduction,decimal,"decimal(10,2)",YES,"0.00","","",,10,2,""
CAG_Admin_PROD,PayrollExpenses,10,salesCash,decimal,"decimal(10,2)",YES,"0.00","","",,10,2,""
CAG_Admin_PROD,PayrollExpenses,11,incentives,decimal,"decimal(10,2)",YES,"0.00","","",,10,2,""
CAG_Admin_PROD,PayrollExpenses,12,extras,decimal,"decimal(10,2)",YES,"0.00","","",,10,2,""
CAG_Admin_PROD,PayrollExpenses,13,mobileBills,decimal,"decimal(10,2)",YES,"0.00","","",,10,2,""
CAG_Admin_PROD,PayrollVehicleEMI,1,payrollVehicleEmiId,int,int(11),NO,,PRI,auto_increment,,10,0,""
CAG_Admin_PROD,PayrollVehicleEMI,2,payrollId,int,int(11),NO,,MUL,"",,10,0,""
CAG_Admin_PROD,PayrollVehicleEMI,3,vehicleId,varchar,varchar(20),YES,NULL,"","",20,,,""
CAG_Admin_PROD,PayrollVehicleEMI,4,isEmiSkipped,tinyint,tinyint(4),NO,"0","","",,3,0,""
CAG_Admin_PROD,PayrollVehicleEMI,5,emiMonth,date,date,NO,,"","",,,,""
CAG_Admin_PROD,PayrollVehicleEMI,6,principalAmount,decimal,"decimal(10,2)",YES,NULL,"","",,10,2,""
CAG_Admin_PROD,PayrollVehicleEMI,7,monthlyEmi,decimal,"decimal(10,2)",NO,,"","",,10,2,""
CAG_Admin_PROD,PayrollVehicleEMI,8,remainingBalance,decimal,"decimal(10,2)",YES,NULL,"","",,10,2,""
CAG_Admin_PROD,PayrollVehicleEMI,9,interestRate,decimal,"decimal(5,2)",YES,NULL,"","",,5,2,""
CAG_Admin_PROD,Permission,1,permissionId,int,int(11),YES,NULL,"","",,10,0,""
CAG_Admin_PROD,Permission,2,name,varchar,varchar(50),YES,NULL,"","",50,,,""
CAG_Admin_PROD,Permission,3,code,varchar,varchar(50),YES,NULL,"","",50,,,""
CAG_Admin_PROD,Permission,4,createdAt,datetime,datetime,YES,NULL,"","",,,,""
CAG_Admin_PROD,Property,1,propertyId,int,int(11),NO,,PRI,auto_increment,,10,0,""
CAG_Admin_PROD,Property,2,propertyCode,varchar,varchar(100),YES,NULL,UNI,"",100,,,""
CAG_Admin_PROD,Property,3,propertyName,varchar,varchar(255),NO,,UNI,"",255,,,""
CAG_Admin_PROD,Property,4,availableQuantity,int,int(11),NO,"0","","",,10,0,""
CAG_Admin_PROD,Property,5,description,varchar,varchar(500),YES,NULL,"","",500,,,""
CAG_Admin_PROD,Property,6,isActive,tinyint,tinyint(1),NO,"1","","",,3,0,""
CAG_Admin_PROD,Property,7,createdAt,datetime,datetime,NO,,"","",,,,""
CAG_Admin_PROD,Property,8,createdBy,varchar,varchar(20),NO,,"","",20,,,""
CAG_Admin_PROD,Property,9,updatedAt,datetime,datetime,NO,,"","",,,,""
CAG_Admin_PROD,Property,10,updatedBy,varchar,varchar(20),YES,NULL,"","",20,,,""
CAG_Admin_PROD,Property,11,totalQuantity,int,int(11),NO,,"","",,10,0,""
CAG_Admin_PROD,Rider,1,riderId,varchar,varchar(20),NO,,PRI,"",20,,,""
CAG_Admin_PROD,Rider,2,riderName,varchar,varchar(255),NO,,"","",255,,,""
CAG_Admin_PROD,Rider,3,dob,datetime,datetime,YES,NULL,"","",,,,""
CAG_Admin_PROD,Rider,4,nationality,varchar,varchar(50),YES,NULL,"","",50,,,""
CAG_Admin_PROD,Rider,5,civilId,varchar,varchar(100),YES,NULL,"","",100,,,""
CAG_Admin_PROD,Rider,6,passportNumber,varchar,varchar(100),YES,NULL,"","",100,,,""
CAG_Admin_PROD,Rider,7,passportExpiryDate,datetime,datetime,YES,NULL,"","",,,,""
CAG_Admin_PROD,Rider,8,licenseNumber,varchar,varchar(100),YES,NULL,"","",100,,,""
CAG_Admin_PROD,Rider,9,licenseExpiryDate,datetime,datetime,YES,NULL,"","",,,,""
CAG_Admin_PROD,Rider,10,mobileNumber,varchar,varchar(50),YES,NULL,"","",50,,,""
CAG_Admin_PROD,Rider,11,alternateMobileNumber,varchar,varchar(50),YES,NULL,"","",50,,,""
CAG_Admin_PROD,Rider,12,personalEmail,varchar,varchar(200),YES,NULL,"","",200,,,""
CAG_Admin_PROD,Rider,13,suretyPersonName,varchar,varchar(100),YES,NULL,"","",100,,,""
CAG_Admin_PROD,Rider,14,suretyPersonEmail,varchar,varchar(200),YES,NULL,"","",200,,,""
CAG_Admin_PROD,Rider,15,suretyPersonPhone,varchar,varchar(50),YES,NULL,"","",50,,,""
CAG_Admin_PROD,Rider,16,iznamalSalary,double,double,YES,NULL,"","",,22,,""
CAG_Admin_PROD,Rider,17,hireTypeId,int,int(11),YES,NULL,MUL,"",,10,0,""
CAG_Admin_PROD,Rider,18,statusId,int,int(11),YES,NULL,MUL,"",,10,0,""
CAG_Admin_PROD,Rider,19,profession,varchar,varchar(200),YES,NULL,"","",200,,,""
CAG_Admin_PROD,Rider,20,workPermitIssued,tinyint,tinyint(1),NO,"0","","",,3,0,""
CAG_Admin_PROD,Rider,21,workPermitIssuedDate,datetime,datetime,YES,NULL,"","",,,,""
CAG_Admin_PROD,Rider,22,workPermitExpiryDate,datetime,datetime,YES,NULL,"","",,,,""
CAG_Admin_PROD,Rider,23,foodHandlers,tinyint,tinyint(1),NO,"1","","",,3,0,""
CAG_Admin_PROD,Rider,24,foodHandlersExpiryDate,datetime,datetime,YES,NULL,"","",,,,""
CAG_Admin_PROD,Rider,25,companyId,varchar,varchar(20),YES,NULL,MUL,"",20,,,""
CAG_Admin_PROD,Rider,26,isActive,tinyint,tinyint(1),NO,"1","","",,3,0,""
CAG_Admin_PROD,Rider,27,remarks,text,text,YES,NULL,"","",65535,,,""
CAG_Admin_PROD,Rider,28,createdAt,datetime,datetime,NO,,"","",,,,""
CAG_Admin_PROD,Rider,29,createdBy,varchar,varchar(20),NO,,"","",20,,,""
CAG_Admin_PROD,Rider,30,updatedAt,datetime,datetime,YES,NULL,"","",,,,""
CAG_Admin_PROD,Rider,31,updatedBy,varchar,varchar(20),YES,NULL,"","",20,,,""
CAG_Admin_PROD,Rider,32,trafficFines,int,int(10),NO,"0","","",,10,0,""
CAG_Admin_PROD,Rider,33,advances,int,int(10),NO,"0","","",,10,0,""
CAG_Admin_PROD,Rider,34,adminFees,int,int(10),NO,"0","","",,10,0,""
CAG_Admin_PROD,Rider,35,akamaRenewalAmount,int,int(10),NO,"0","","",,10,0,""
CAG_Admin_PROD,Rider,36,processingFees,int,int(10),NO,"0","","",,10,0,""
CAG_Admin_PROD,Rider,37,mobileBills,int,int(10),NO,"0","","",,10,0,""
CAG_Admin_PROD,Rider,38,garageBills,int,int(10),NO,"0","","",,10,0,""
CAG_Admin_PROD,Rider,39,maroorFines,int,int(10),NO,"0","","",,10,0,""
CAG_Admin_PROD,Rider,40,incentives,int,int(10),NO,"0","","",,10,0,""
CAG_Admin_PROD,Rider,41,previousBalances,int,int(10),NO,"0","","",,10,0,""
CAG_Admin_PROD,Rider,42,dgDeduction,int,int(10),NO,"0","","",,10,0,""
CAG_Admin_PROD,Rider,43,miscellaneousExpenses,int,int(10),NO,"0","","",,10,0,""
CAG_Admin_PROD,Rider,44,employmentType,varchar,varchar(22),NO,,"","",22,,,""
CAG_Admin_PROD,RiderOrder,1,riderOrderId,int,int(11),NO,,PRI,auto_increment,,10,0,""
CAG_Admin_PROD,RiderOrder,2,riderId,varchar,varchar(20),NO,,MUL,"",20,,,""
CAG_Admin_PROD,RiderOrder,3,companyId,varchar,varchar(20),NO,,"","",20,,,""
CAG_Admin_PROD,RiderOrder,4,clientId,varchar,varchar(20),NO,,"","",20,,,""
CAG_Admin_PROD,RiderOrder,5,clientUserId,int,int(11),NO,,"","",,10,0,""
CAG_Admin_PROD,RiderOrder,6,vehicleType,enum,"enum('CAR','MOTOR_BIKE')",YES,NULL,"","",10,,,""
CAG_Admin_PROD,RiderOrder,7,batchVehicleCategoryId,int,int(11),NO,,MUL,"",,10,0,""
CAG_Admin_PROD,RiderOrder,8,orderMonth,date,date,NO,,MUL,"",,,,""
CAG_Admin_PROD,RiderOrder,9,batchNo,varchar,varchar(20),YES,NULL,"","",20,,,""
CAG_Admin_PROD,RiderOrder,10,evaluatedHours,decimal,"decimal(5,2)",NO,,"","",,5,2,""
CAG_Admin_PROD,RiderOrder,11,singleOrder,int,int(11),NO,,"","",,10,0,""
CAG_Admin_PROD,RiderOrder,12,doubleOrder,int,int(11),NO,,"","",,10,0,""
CAG_Admin_PROD,RiderOrder,13,totalPayment,decimal,"decimal(10,2)",NO,,"","",,10,2,""
CAG_Admin_PROD,RiderOrder,14,createdAt,datetime,datetime,NO,,"","",,,,""
CAG_Admin_PROD,RiderOrder,15,createdBy,varchar,varchar(20),YES,NULL,"","",20,,,""
CAG_Admin_PROD,RiderOrder,16,updatedAt,datetime,datetime,YES,NULL,"","",,,,""
CAG_Admin_PROD,RiderOrder,17,updatedBy,varchar,varchar(20),YES,NULL,"","",20,,,""
CAG_Admin_PROD,RiderOrderUploadLog,1,riderOrderUploadLogId,int,int(11),NO,,PRI,auto_increment,,10,0,""
CAG_Admin_PROD,RiderOrderUploadLog,2,companyId,varchar,varchar(20),NO,,"","",20,,,""
CAG_Admin_PROD,RiderOrderUploadLog,3,clientId,varchar,varchar(20),YES,NULL,"","",20,,,""
CAG_Admin_PROD,RiderOrderUploadLog,4,orderMonth,date,date,NO,,"","",,,,""
CAG_Admin_PROD,RiderOrderUploadLog,5,isProcessed,tinyint,tinyint(1),NO,"0","","",,3,0,""
CAG_Admin_PROD,RiderOrderUploadLog,6,error,text,text,YES,NULL,"","",65535,,,""
CAG_Admin_PROD,RiderOrderUploadLog,7,createdAt,datetime,datetime,NO,,"","",,,,""
CAG_Admin_PROD,RiderOrderUploadLog,8,createdBy,varchar,varchar(20),YES,NULL,"","",20,,,""
CAG_Admin_PROD,RiderOrderUploadLog,9,fileName,varchar,varchar(200),NO,'',"","",200,,,""
CAG_Admin_PROD,RiderPerformance,1,riderPerformanceId,int,int(11),NO,,PRI,auto_increment,,10,0,""
CAG_Admin_PROD,RiderPerformance,2,clientId,varchar,varchar(20),NO,,MUL,"",20,,,""
CAG_Admin_PROD,RiderPerformance,3,clientUserId,int,int(11),NO,,"","",,10,0,""
CAG_Admin_PROD,RiderPerformance,4,riderId,varchar,varchar(20),NO,,MUL,"",20,,,""
CAG_Admin_PROD,RiderPerformance,5,accountManager,varchar,varchar(100),YES,NULL,"","",100,,,""
CAG_Admin_PROD,RiderPerformance,6,currentZone,varchar,varchar(100),YES,NULL,"","",100,,,""
CAG_Admin_PROD,RiderPerformance,7,performanceMonth,date,date,NO,,"","",,,,""
CAG_Admin_PROD,RiderPerformance,8,lastBatchNo,int,int(11),YES,NULL,"","",,10,0,""
CAG_Admin_PROD,RiderPerformance,9,tenureWeeks,int,int(11),NO,"0","","",,10,0,""
CAG_Admin_PROD,RiderPerformance,10,workingDays,int,int(11),NO,"0","","",,10,0,""
CAG_Admin_PROD,RiderPerformance,11,evaluatedShifts,int,int(11),NO,"0","","",,10,0,""
CAG_Admin_PROD,RiderPerformance,12,plannedWorkingHours,decimal,"decimal(5,2)",NO,"0.00","","",,5,2,""
CAG_Admin_PROD,RiderPerformance,13,actualWorkingHours,decimal,"decimal(5,2)",NO,"0.00","","",,5,2,""
CAG_Admin_PROD,RiderPerformance,14,avpPercentage,decimal,"decimal(5,2)",NO,"0.00","","",,5,2,""
CAG_Admin_PROD,RiderPerformance,15,avgWorkingHoursPerDay,decimal,"decimal(5,2)",NO,"0.00","","",,5,2,""
CAG_Admin_PROD,RiderPerformance,16,avgShiftDuration,decimal,"decimal(5,2)",NO,"0.00","","",,5,2,""
CAG_Admin_PROD,RiderPerformance,17,breakHours,decimal,"decimal(5,2)",NO,"0.00","","",,5,2,""
CAG_Admin_PROD,RiderPerformance,18,breakDurationPercentage,decimal,"decimal(5,2)",NO,"0.00","","",,5,2,""
CAG_Admin_PROD,RiderPerformance,19,avgDeliveriesPerHour,decimal,"decimal(5,2)",NO,"0.00","","",,5,2,""
CAG_Admin_PROD,RiderPerformance,20,notificationCount,int,int(11),NO,"0","","",,10,0,""
CAG_Admin_PROD,RiderPerformance,21,acceptanceCount,int,int(11),NO,"0","","",,10,0,""
CAG_Admin_PROD,RiderPerformance,22,missedOrders,int,int(11),NO,"0","","",,10,0,""
CAG_Admin_PROD,RiderPerformance,23,manualUndispatched,int,int(11),NO,"0","","",,10,0,""
CAG_Admin_PROD,RiderPerformance,24,acceptanceRate,decimal,"decimal(5,2)",NO,"0.00","","",,5,2,""
CAG_Admin_PROD,RiderPerformance,25,createdAt,datetime,datetime,NO,,"","",,,,""
CAG_Admin_PROD,RiderPerformance,26,createdBy,varchar,varchar(20),YES,NULL,"","",20,,,""
CAG_Admin_PROD,RiderPerformance,27,updatedAt,datetime,datetime,YES,NULL,"","",,,,""
CAG_Admin_PROD,RiderPerformance,28,updatedBy,varchar,varchar(20),YES,NULL,"","",20,,,""
CAG_Admin_PROD,RiderProperty,1,riderPropertyId,int,int(11),NO,,PRI,auto_increment,,10,0,""
CAG_Admin_PROD,RiderProperty,2,riderId,varchar,varchar(20),YES,NULL,MUL,"",20,,,""
CAG_Admin_PROD,RiderProperty,3,propertyId,int,int(11),NO,,MUL,"",,10,0,""
CAG_Admin_PROD,RiderProperty,4,quantity,int,int(11),NO,"1","","",,10,0,""
CAG_Admin_PROD,RiderProperty,5,isActive,tinyint,tinyint(1),NO,"1","","",,3,0,""
CAG_Admin_PROD,RiderProperty,6,remarks,varchar,varchar(500),YES,NULL,"","",500,,,""
CAG_Admin_PROD,RiderProperty,7,createdAt,datetime,datetime,NO,,"","",,,,""
CAG_Admin_PROD,RiderProperty,8,createdBy,varchar,varchar(20),NO,,"","",20,,,""
CAG_Admin_PROD,RiderProperty,9,updatedAt,datetime,datetime,YES,NULL,"","",,,,""
CAG_Admin_PROD,RiderProperty,10,updatedBy,varchar,varchar(20),YES,NULL,"","",20,,,""
CAG_Admin_PROD,RiderStatus,1,statusId,int,int(11),NO,,PRI,auto_increment,,10,0,""
CAG_Admin_PROD,RiderStatus,2,statusName,varchar,varchar(50),NO,,"","",50,,,""
CAG_Admin_PROD,RiderStatus,3,statusOrder,int,int(11),NO,,"","",,10,0,""
CAG_Admin_PROD,RiderStatus,4,isActive,tinyint,tinyint(1),NO,"1","","",,3,0,""
CAG_Admin_PROD,RiderVehicleConfig,1,riderVehicleConfigId,int,int(11),NO,,PRI,auto_increment,,10,0,""
CAG_Admin_PROD,RiderVehicleConfig,2,riderId,varchar,varchar(20),YES,NULL,MUL,"",20,,,""
CAG_Admin_PROD,RiderVehicleConfig,3,vehicleId,varchar,varchar(20),YES,NULL,MUL,"",20,,,""
CAG_Admin_PROD,RiderVehicleConfig,4,status,tinyint,tinyint(4),NO,"1","","",,3,0,""
CAG_Admin_PROD,RiderVehicleConfig,5,startDate,datetime,datetime,NO,,"","",,,,""
CAG_Admin_PROD,RiderVehicleConfig,6,endDate,datetime,datetime,YES,NULL,"","",,,,""
CAG_Admin_PROD,Role,1,roleId,int,int(11),NO,,PRI,"",,10,0,""
CAG_Admin_PROD,Role,2,name,varchar,varchar(150),YES,NULL,"","",150,,,""
CAG_Admin_PROD,Role,3,description,varchar,varchar(255),YES,NULL,"","",255,,,""
CAG_Admin_PROD,Role,4,isActive,tinyint,tinyint(1),YES,NULL,"","",,3,0,""
CAG_Admin_PROD,Role,5,createdAt,datetime,datetime,NO,,"","",,,,""
CAG_Admin_PROD,Role,6,updatedAt,datetime,datetime,YES,NULL,"","",,,,""
CAG_Admin_PROD,RolePermission,1,rolePermissionId,int,int(11),YES,NULL,"","",,10,0,""
CAG_Admin_PROD,RolePermission,2,roleId,int,int(11),YES,NULL,"","",,10,0,""
CAG_Admin_PROD,RolePermission,3,pageModuleId,int,int(11),YES,NULL,"","",,10,0,""
CAG_Admin_PROD,RolePermission,4,permission,int,int(11),YES,NULL,"","",,10,0,""
CAG_Admin_PROD,RolePermission,5,createdBy,varchar,varchar(20),YES,NULL,"","",20,,,""
CAG_Admin_PROD,RolePermission,6,updatedBy,varchar,varchar(20),YES,NULL,"","",20,,,""
CAG_Admin_PROD,RolePermission,7,createdAt,datetime,datetime,NO,,"","",,,,""
CAG_Admin_PROD,RolePermission,8,updatedAt,datetime,datetime,YES,NULL,"","",,,,""
CAG_Admin_PROD,SalesCashDetails,1,salesCashDetailsId,int,int(11),NO,,PRI,auto_increment,,10,0,""
CAG_Admin_PROD,SalesCashDetails,2,clientUserId,int,int(11),NO,,"","",,10,0,""
CAG_Admin_PROD,SalesCashDetails,3,clientId,varchar,varchar(20),NO,,MUL,"",20,,,""
CAG_Admin_PROD,SalesCashDetails,4,riderId,varchar,varchar(20),NO,,MUL,"",20,,,""
CAG_Admin_PROD,SalesCashDetails,5,companyId,varchar,varchar(20),NO,,MUL,"",20,,,""
CAG_Admin_PROD,SalesCashDetails,6,companyCode,varchar,varchar(50),NO,,"","",50,,,""
CAG_Admin_PROD,SalesCashDetails,7,status,varchar,varchar(50),NO,,"","",50,,,""
CAG_Admin_PROD,SalesCashDetails,8,entryDate,date,date,NO,,"","",,,,""
CAG_Admin_PROD,SalesCashDetails,9,salesAmount,decimal,"decimal(18,2)",NO,"0.00","","",,18,2,""
CAG_Admin_PROD,SalesCashDetails,10,collectedAmount,decimal,"decimal(18,2)",YES,"0.00","","",,18,2,""
CAG_Admin_PROD,SalesCashDetails,11,cash,decimal,"decimal(18,2)",YES,"0.00","","",,18,2,""
CAG_Admin_PROD,SalesCashDetails,12,bankTransfer,decimal,"decimal(18,2)",YES,"0.00","","",,18,2,""
CAG_Admin_PROD,SalesCashDetails,13,incentives,decimal,"decimal(18,2)",YES,"0.00","","",,18,2,""
CAG_Admin_PROD,SalesCashDetails,14,adjustments,decimal,"decimal(18,2)",YES,"0.00","","",,18,2,""
CAG_Admin_PROD,SalesCashDetails,15,openingBalance,decimal,"decimal(18,2)",YES,"0.00","","",,18,2,""
CAG_Admin_PROD,SalesCashDetails,16,totalSales,decimal,"decimal(18,2)",YES,"0.00","","",,18,2,""
CAG_Admin_PROD,SalesCashDetails,17,totalCollection,decimal,"decimal(18,2)",YES,"0.00","","",,18,2,""
CAG_Admin_PROD,SalesCashDetails,18,pendingDues,decimal,"decimal(18,2)",NO,"0.00","","",,18,2,""
CAG_Admin_PROD,SalesCashDetails,19,createdAt,datetime,datetime,NO,current_timestamp(),"","",,,,""
CAG_Admin_PROD,SalesCashEntry,1,salesCashEntryId,int,int(11),NO,,PRI,auto_increment,,10,0,""
CAG_Admin_PROD,SalesCashEntry,2,clientId,varchar,varchar(20),NO,,MUL,"",20,,,""
CAG_Admin_PROD,SalesCashEntry,3,companyId,varchar,varchar(20),NO,,MUL,"",20,,,""
CAG_Admin_PROD,SalesCashEntry,4,clientUserId,int,int(11),NO,,MUL,"",,10,0,""
CAG_Admin_PROD,SalesCashEntry,5,riderId,varchar,varchar(20),NO,,MUL,"",20,,,""
CAG_Admin_PROD,SalesCashEntry,6,entryDate,date,date,NO,,"","",,,,""
CAG_Admin_PROD,SalesCashEntry,7,collectionAmount,decimal,"decimal(18,2)",NO,"0.00","","",,18,2,""
CAG_Admin_PROD,SalesCashEntry,8,isDraft,tinyint,tinyint(1),NO,"1","","",,3,0,""
CAG_Admin_PROD,SalesCashEntry,9,remarks,varchar,varchar(500),YES,NULL,"","",500,,,""
CAG_Admin_PROD,SalesCashEntry,10,createdBy,varchar,varchar(20),NO,,"","",20,,,""
CAG_Admin_PROD,SalesCashEntry,11,createdAt,datetime,datetime,NO,,"","",,,,""
CAG_Admin_PROD,SalesCashEntry,12,exportedAt,datetime,datetime,YES,NULL,"","",,,,""
CAG_Admin_PROD,SimCard,1,simId,int,int(11),NO,,PRI,auto_increment,,10,0,""
CAG_Admin_PROD,SimCard,2,mobileNumber,varchar,varchar(20),NO,,UNI,"",20,,,""
CAG_Admin_PROD,SimCard,3,assignedTo,varchar,varchar(20),YES,NULL,MUL,"",20,,,""
CAG_Admin_PROD,SimCard,4,createdAt,datetime,datetime,NO,,"","",,,,""
CAG_Admin_PROD,SimCard,5,createdBy,varchar,varchar(20),YES,NULL,"","",20,,,""
CAG_Admin_PROD,SimCard,6,updatedAt,datetime,datetime,YES,NULL,"","",,,,""
CAG_Admin_PROD,SimCard,7,updatedBy,varchar,varchar(20),YES,NULL,"","",20,,,""
CAG_Admin_PROD,SimCard,8,notes,text,text,YES,NULL,"","",65535,,,""
CAG_Admin_PROD,Task,1,taskId,int,int(11),NO,,PRI,"",,10,0,""
CAG_Admin_PROD,Task,2,taskCode,varchar,varchar(50),YES,NULL,"","",50,,,""
CAG_Admin_PROD,Task,3,taskName,varchar,varchar(200),YES,NULL,"","",200,,,""
CAG_Admin_PROD,Task,4,description,text,text,YES,NULL,"","",65535,,,""
CAG_Admin_PROD,Task,5,processType,varchar,varchar(50),YES,NULL,"","",50,,,""
CAG_Admin_PROD,Task,6,performedBy,int,int(11),YES,NULL,"","",,10,0,""
CAG_Admin_PROD,Task,7,defaultDays,int,int(11),YES,NULL,"","",,10,0,""
CAG_Admin_PROD,Task,8,taskOrder,int,int(11),YES,NULL,"","",,10,0,""
CAG_Admin_PROD,Task,9,jsonTemplate,longtext,longtext,YES,NULL,"","",4294967295,,,""
CAG_Admin_PROD,Task,10,isActive,tinyint,tinyint(1),YES,NULL,"","",,3,0,""
CAG_Admin_PROD,Task,11,createdAt,datetime,datetime,NO,,"","",,,,""
CAG_Admin_PROD,Task,12,updatedAt,datetime,datetime,YES,NULL,"","",,,,""
CAG_Admin_PROD,TaskStatus,1,taskStatusId,int,int(11),NO,,PRI,"",,10,0,""
CAG_Admin_PROD,TaskStatus,2,taskStatusCode,varchar,varchar(50),YES,NULL,"","",50,,,""
CAG_Admin_PROD,TaskStatus,3,taskStatusName,varchar,varchar(100),YES,NULL,"","",100,,,""
CAG_Admin_PROD,TaskStatus,4,description,varchar,varchar(200),YES,NULL,"","",200,,,""
CAG_Admin_PROD,TaskStatus,5,createdAt,datetime,datetime,YES,NULL,"","",,,,""
CAG_Admin_PROD,TicketType,1,typeId,int,int(11),NO,,PRI,auto_increment,,10,0,""
CAG_Admin_PROD,TicketType,2,type,enum,"enum('PASSPORT','SUPPORT')",YES,NULL,"","",8,,,""
CAG_Admin_PROD,TicketType,3,code,varchar,varchar(40),NO,,"","",40,,,""
CAG_Admin_PROD,TicketType,4,description,varchar,varchar(40),NO,,"","",40,,,""
CAG_Admin_PROD,User,1,userId,varchar,varchar(20),NO,,PRI,"",20,,,""
CAG_Admin_PROD,User,2,firstName,varchar,varchar(100),NO,,"","",100,,,""
CAG_Admin_PROD,User,3,lastName,varchar,varchar(100),YES,NULL,"","",100,,,""
CAG_Admin_PROD,User,4,email,varchar,varchar(150),NO,,UNI,"",150,,,""
CAG_Admin_PROD,User,5,passwordHash,varchar,varchar(255),NO,,"","",255,,,""
CAG_Admin_PROD,User,6,phone,varchar,varchar(20),NO,,"","",20,,,""
CAG_Admin_PROD,User,7,roleId,int,int(11),NO,,MUL,"",,10,0,""
CAG_Admin_PROD,User,8,isActive,tinyint,tinyint(1),YES,NULL,"","",,3,0,""
CAG_Admin_PROD,User,9,lastLoginDt,datetime,datetime,YES,current_timestamp(),"","",,,,""
CAG_Admin_PROD,User,10,isLoggedIn,tinyint,tinyint(1),NO,"0","","",,3,0,""
CAG_Admin_PROD,User,11,isRememberMe,tinyint,tinyint(1),NO,"0","","",,3,0,""
CAG_Admin_PROD,User,12,createdBy,varchar,varchar(20),NO,,"","",20,,,""
CAG_Admin_PROD,User,13,updatedBy,varchar,varchar(20),YES,NULL,"","",20,,,""
CAG_Admin_PROD,User,14,createdAt,datetime,datetime,NO,,"","",,,,""
CAG_Admin_PROD,User,15,updatedAt,datetime,datetime,YES,NULL,"","",,,,""
CAG_Admin_PROD,User,16,Image,varchar,varchar(255),YES,NULL,"","",255,,,""
CAG_Admin_PROD,User,17,riderId,varchar,varchar(20),YES,NULL,MUL,"",20,,,""
CAG_Admin_PROD,UserCompany,1,userId,varchar,varchar(20),NO,,PRI,"",20,,,""
CAG_Admin_PROD,UserCompany,2,companyId,varchar,varchar(20),NO,,PRI,"",20,,,""
CAG_Admin_PROD,UserCompany,3,createdBy,varchar,varchar(20),NO,,"","",20,,,""
CAG_Admin_PROD,UserCompany,4,createdAt,datetime,datetime,NO,,"","",,,,""
CAG_Admin_PROD,Vehicle,1,vehicleId,varchar,varchar(20),NO,,PRI,"",20,,,""
CAG_Admin_PROD,Vehicle,2,vehicleType,enum,"enum('Bike','Car','Others')",YES,NULL,"","",6,,,""
CAG_Admin_PROD,Vehicle,3,vehicleNumber,varchar,varchar(50),NO,,"","",50,,,""
CAG_Admin_PROD,Vehicle,4,vehicleBrand,varchar,varchar(50),NO,,"","",50,,,""
CAG_Admin_PROD,Vehicle,5,vehicleModel,varchar,varchar(50),NO,,"","",50,,,""
CAG_Admin_PROD,Vehicle,6,yearManufactured,datetime,datetime,YES,NULL,"","",,,,""
CAG_Admin_PROD,Vehicle,7,isAssigned,tinyint,tinyint(1),NO,,"","",,3,0,""
CAG_Admin_PROD,Vehicle,8,remarks,varchar,varchar(200),YES,NULL,"","",200,,,""
CAG_Admin_PROD,Vehicle,9,ownerType,enum,"enum('Company','EmployeeOwned','Rental','Installment')",YES,NULL,"","",13,,,""
CAG_Admin_PROD,Vehicle,10,registeredOn,enum,"enum('Company','EmployeeOwned')",YES,NULL,"","",13,,,""
CAG_Admin_PROD,Vehicle,11,isAdvertisingSticker,tinyint,tinyint(1),YES,NULL,"","",,3,0,""
CAG_Admin_PROD,Vehicle,12,isStickeringPermission,tinyint,tinyint(1),YES,NULL,"","",,3,0,""
CAG_Admin_PROD,Vehicle,13,stickeringPermissionExpiry,datetime,datetime,YES,NULL,"","",,,,""
CAG_Admin_PROD,Vehicle,14,isFoodPaper,tinyint,tinyint(1),YES,NULL,"","",,3,0,""
CAG_Admin_PROD,Vehicle,15,foodPaperExpiry,datetime,datetime,YES,NULL,"","",,,,""
CAG_Admin_PROD,Vehicle,16,spareKeys,enum,"enum('Office','Driver','N/A')",YES,NULL,"","",6,,,""
CAG_Admin_PROD,Vehicle,17,createdAt,datetime,datetime,NO,,"","",,,,""
CAG_Admin_PROD,Vehicle,18,updatedAt,datetime,datetime,YES,NULL,"","",,,,""
CAG_Admin_PROD,Vehicle,19,createdBy,varchar,varchar(20),NO,,"","",20,,,""
CAG_Admin_PROD,Vehicle,20,updatedBy,varchar,varchar(20),YES,NULL,"","",20,,,""
CAG_Admin_PROD,Vehicle,21,companyId,varchar,varchar(20),YES,NULL,MUL,"",20,,,""
CAG_Admin_PROD,Vehicle,22,isActive,tinyint,tinyint(4),YES,"1","","",,3,0,""
CAG_Admin_PROD,VehicleImage,1,vehicleImageId,int,int(11),NO,,PRI,auto_increment,,10,0,""
CAG_Admin_PROD,VehicleImage,2,path,varchar,varchar(255),YES,NULL,"","",255,,,""
CAG_Admin_PROD,VehicleImage,3,createdAt,datetime,datetime,NO,,"","",,,,""
CAG_Admin_PROD,VehicleImage,4,createdBy,varchar,varchar(20),YES,NULL,"","",20,,,""
CAG_Admin_PROD,VehicleImage,5,vehicleId,varchar,varchar(20),YES,NULL,MUL,"",20,,,""
CAG_Admin_PROD,VehicleImage,6,isDaftar,tinyint,tinyint(1),YES,"0","","",,3,0,""
CAG_Admin_PROD,VehicleImage,7,expiryDate,datetime,datetime,YES,NULL,"","",,,,""
